0,0,1 1 1 1 1 1 1 1 1 1,8.544851,8.546067,1.000000e-03
500,0,1 1 1 1 1 1 1 1 1 1,5.098612,5.104703,4.166667e-04
1000,0,1 1 1 1 1 1 1 1 1 1,4.438712,4.416334,8.333333e-04
1500,0,1 1 1 1 1 1 1 1 1 1,4.134157,4.103476,9.996145e-04
2000,0,1 1 1 1 1 1 1 1 1 1,3.956828,3.937367,9.972495e-04
2500,0,1 1 1 1 1 1 1 1 1 1,3.852259,3.829370,9.927410e-04
3000,0,1 1 1 1 1 1 1 1 1 1,3.773157,3.748378,9.861087e-04
3500,0,1 1 1 1 1 1 1 1 1 1,3.725484,3.694476,9.773815e-04
4000,0,1 1 1 1 1 1 1 1 1 1,3.668938,3.653527,9.665974e-04
4500,0,1 1 1 1 1 1 1 1 1 1,3.636157,3.593133,9.538032e-04
5000,0,1 1 1 1 1 1 1 1 1 1,3.589847,3.539855,9.390548e-04
5500,0,1 1 1 1 1 1 1 1 1 1,3.562625,3.523171,9.224163e-04
6000,0,1 1 1 1 1 1 1 1 1 1,3.539150,3.481811,9.039603e-04
6500,0,1 1 1 1 1 1 1 1 1 1,3.526295,3.468680,8.837670e-04
7000,0,1 1 1 1 1 1 1 1 1 1,3.496496,3.461608,8.619244e-04
7500,0,1 1 1 1 1 1 1 1 1 1,3.479636,3.424706,8.385276e-04
8000,0,1 1 1 1 1 1 1 1 1 1,3.473441,3.424865,8.136785e-04
8500,0,1 1 1 1 1 1 1 1 1 1,3.448704,3.413773,7.874853e-04
9000,0,1 1 1 1 1 1 1 1 1 1,3.445553,3.394050,7.600621e-04
9500,0,1 1 1 1 1 1 1 1 1 1,3.433232,3.382969,7.315282e-04
10000,0,1 1 1 1 1 1 1 1 1 1,3.416786,3.379889,7.020079e-04
10500,0,1 1 1 1 1 1 1 1 1 1,3.409573,3.349910,6.716297e-04
11000,0,1 1 1 1 1 1 1 1 1 1,3.392351,3.350005,6.405260e-04
11500,0,1 1 1 1 1 1 1 1 1 1,3.392501,3.336205,6.088322e-04
12000,0,1 1 1 1 1 1 1 1 1 1,3.372611,3.332786,5.766862e-04
12500,0,1 1 1 1 1 1 1 1 1 1,3.376314,3.319749,5.442281e-04
13000,0,1 1 1 1 1 1 1 1 1 1,3.353012,3.312104,5.115991e-04
13500,0,1 1 1 1 1 1 1 1 1 1,3.355560,3.307120,4.789415e-04
14000,0,1 1 1 1 1 1 1 1 1 1,3.339164,3.298122,4.463972e-04
14500,0,1 1 1 1 1 1 1 1 1 1,3.328853,3.278781,4.141082e-04
15000,0,1 1 1 1 1 1 1 1 1 1,3.327361,3.274931,3.822150e-04
15500,0,1 1 1 1 1 1 1 1 1 1,3.307771,3.268530,3.508564e-04
16000,0,1 1 1 1 1 1 1 1 1 1,3.298180,3.261662,3.201690e-04
16500,0,1 1 1 1 1 1 1 1 1 1,3.299126,3.239046,2.902864e-04
17000,0,1 1 1 1 1 1 1 1 1 1,3.288990,3.244377,2.613388e-04
17500,0,1 1 1 1 1 1 1 1 1 1,3.279987,3.229022,2.334522e-04
18000,0,1 1 1 1 1 1 1 1 1 1,3.274623,3.233090,2.067480e-04
18500,0,1 1 1 1 1 1 1 1 1 1,3.261797,3.218573,1.813425e-04
19000,0,1 1 1 1 1 1 1 1 1 1,3.259159,3.218937,1.573464e-04
19500,0,1 1 1 1 1 1 1 1 1 1,3.249068,3.202126,1.348640e-04
20000,0,1 1 1 1 1 1 1 1 1 1,3.245581,3.204020,1.139934e-04
20500,0,1 1 1 1 1 1 1 1 1 1,3.240524,3.186357,9.482543e-05
21000,0,1 1 1 1 1 1 1 1 1 1,3.239344,3.189199,7.744349e-05
21500,0,1 1 1 1 1 1 1 1 1 1,3.223447,3.191305,6.192330e-05
22000,0,1 1 1 1 1 1 1 1 1 1,3.223943,3.182906,4.833244e-05
22500,0,1 1 1 1 1 1 1 1 1 1,3.231912,3.170569,3.673009e-05
23000,0,1 1 1 1 1 1 1 1 1 1,3.223939,3.177958,2.716678e-05
23500,0,1 1 1 1 1 1 1 1 1 1,3.212398,3.175141,1.968414e-05
24000,0,1 1 1 1 1 1 1 1 1 1,3.216149,3.175688,1.431477e-05
24500,0,1 1 1 1 1 1 1 1 1 1,3.222629,3.171306,1.108203e-05
24999,0,1 1 1 1 1 1 1 1 1 1,3.210917,3.171970,1.000002e-05
25000,1,*2 1 1 1 1 1 1 1 1,8.062299,8.116219,1.000000e-03
25500,1,*2 1 1 1 1 1 1 1 1,3.325761,3.281300,4.166667e-04
26000,1,*2 1 1 1 1 1 1 1 1,3.404589,3.359643,8.333333e-04
26500,1,*2 1 1 1 1 1 1 1 1,3.456528,3.410722,9.993823e-04
27000,1,*2 1 1 1 1 1 1 1 1,3.444827,3.398755,9.955944e-04
27500,1,*2 1 1 1 1 1 1 1 1,3.451467,3.392473,9.883836e-04
28000,1,*2 1 1 1 1 1 1 1 1,3.440885,3.380816,9.778002e-04
28500,1,*2 1 1 1 1 1 1 1 1,3.429027,3.384326,9.639181e-04
29000,1,*2 1 1 1 1 1 1 1 1,3.420630,3.371517,9.468341e-04
29500,1,*2 1 1 1 1 1 1 1 1,3.405297,3.362490,9.266674e-04
30000,1,*2 1 1 1 1 1 1 1 1,3.400234,3.346903,9.035587e-04
30500,1,*2 1 1 1 1 1 1 1 1,3.393983,3.352707,8.776693e-04
31000,1,*2 1 1 1 1 1 1 1 1,3.385983,3.342412,8.491797e-04
31500,1,*2 1 1 1 1 1 1 1 1,3.373923,3.325096,8.182888e-04
32000,1,*2 1 1 1 1 1 1 1 1,3.371349,3.320565,7.852120e-04
32500,1,*2 1 1 1 1 1 1 1 1,3.362786,3.309349,7.501802e-04
33000,1,*2 1 1 1 1 1 1 1 1,3.357422,3.305832,7.134377e-04
33500,1,*2 1 1 1 1 1 1 1 1,3.350068,3.297485,6.752410e-04
34000,1,*2 1 1 1 1 1 1 1 1,3.324898,3.280129,6.358565e-04
34500,1,*2 1 1 1 1 1 1 1 1,3.324427,3.281983,5.955590e-04
35000,1,*2 1 1 1 1 1 1 1 1,3.310700,3.270694,5.546297e-04
35500,1,*2 1 1 1 1 1 1 1 1,3.303872,3.253589,5.133541e-04
36000,1,*2 1 1 1 1 1 1 1 1,3.294987,3.249939,4.720202e-04
36500,1,*2 1 1 1 1 1 1 1 1,3.285382,3.237140,4.309164e-04
37000,1,*2 1 1 1 1 1 1 1 1,3.277067,3.234001,3.903295e-04
37500,1,*2 1 1 1 1 1 1 1 1,3.257782,3.215586,3.505427e-04
38000,1,*2 1 1 1 1 1 1 1 1,3.249734,3.214375,3.118335e-04
38500,1,*2 1 1 1 1 1 1 1 1,3.247310,3.208361,2.744720e-04
39000,1,*2 1 1 1 1 1 1 1 1,3.235737,3.193143,2.387190e-04
39500,1,*2 1 1 1 1 1 1 1 1,3.236875,3.194209,2.048238e-04
40000,1,*2 1 1 1 1 1 1 1 1,3.219027,3.177048,1.730229e-04
40500,1,*2 1 1 1 1 1 1 1 1,3.209904,3.167645,1.435383e-04
41000,1,*2 1 1 1 1 1 1 1 1,3.205406,3.159716,1.165756e-04
41500,1,*2 1 1 1 1 1 1 1 1,3.198970,3.161922,9.232293e-05
42000,1,*2 1 1 1 1 1 1 1 1,3.192102,3.150382,7.094954e-05
42500,1,*2 1 1 1 1 1 1 1 1,3.193398,3.155727,5.260455e-05
43000,1,*2 1 1 1 1 1 1 1 1,3.192796,3.142167,3.741594e-05
43500,1,*2 1 1 1 1 1 1 1 1,3.190577,3.150209,2.548968e-05
44000,1,*2 1 1 1 1 1 1 1 1,3.196682,3.137197,1.690899e-05
44500,1,*2 1 1 1 1 1 1 1 1,3.182117,3.134741,1.173373e-05
44999,1,*2 1 1 1 1 1 1 1 1,3.185602,3.139180,1.000003e-05
45000,2,*2 *2 1 1 1 1 1 1,3.577553,3.538175,1.000000e-03
45500,2,*2 *2 1 1 1 1 1 1,3.298924,3.256630,4.166667e-04
46000,2,*2 *2 1 1 1 1 1 1,3.375018,3.334308,8.333333e-04
46500,2,*2 *2 1 1 1 1 1 1,3.420176,3.377811,9.993823e-04
47000,2,*2 *2 1 1 1 1 1 1,3.415708,3.370212,9.955944e-04
47500,2,*2 *2 1 1 1 1 1 1,3.413098,3.379614,9.883836e-04
48000,2,*2 *2 1 1 1 1 1 1,3.414659,3.366607,9.778002e-04
48500,2,*2 *2 1 1 1 1 1 1,3.395627,3.344877,9.639181e-04
49000,2,*2 *2 1 1 1 1 1 1,3.407764,3.347405,9.468341e-04
49500,2,*2 *2 1 1 1 1 1 1,3.390347,3.348109,9.266674e-04
50000,2,*2 *2 1 1 1 1 1 1,3.381581,3.331518,9.035587e-04
50500,2,*2 *2 1 1 1 1 1 1,3.372418,3.325322,8.776693e-04
51000,2,*2 *2 1 1 1 1 1 1,3.356369,3.307919,8.491797e-04
51500,2,*2 *2 1 1 1 1 1 1,3.356898,3.312544,8.182888e-04
52000,2,*2 *2 1 1 1 1 1 1,3.351088,3.308392,7.852120e-04
52500,2,*2 *2 1 1 1 1 1 1,3.330266,3.292194,7.501802e-04
53000,2,*2 *2 1 1 1 1 1 1,3.342093,3.294465,7.134377e-04
53500,2,*2 *2 1 1 1 1 1 1,3.329006,3.275715,6.752410e-04
54000,2,*2 *2 1 1 1 1 1 1,3.309167,3.274723,6.358565e-04
54500,2,*2 *2 1 1 1 1 1 1,3.309510,3.265518,5.955590e-04
55000,2,*2 *2 1 1 1 1 1 1,3.297821,3.255502,5.546297e-04
55500,2,*2 *2 1 1 1 1 1 1,3.284679,3.249324,5.133541e-04
56000,2,*2 *2 1 1 1 1 1 1,3.279156,3.232891,4.720202e-04
56500,2,*2 *2 1 1 1 1 1 1,3.266058,3.228203,4.309164e-04
57000,2,*2 *2 1 1 1 1 1 1,3.264943,3.222081,3.903295e-04
57500,2,*2 *2 1 1 1 1 1 1,3.250764,3.205453,3.505427e-04
58000,2,*2 *2 1 1 1 1 1 1,3.237726,3.190758,3.118335e-04
58500,2,*2 *2 1 1 1 1 1 1,3.234663,3.191669,2.744720e-04
59000,2,*2 *2 1 1 1 1 1 1,3.225899,3.181163,2.387190e-04
59500,2,*2 *2 1 1 1 1 1 1,3.224484,3.173284,2.048238e-04
60000,2,*2 *2 1 1 1 1 1 1,3.200811,3.170905,1.730229e-04
60500,2,*2 *2 1 1 1 1 1 1,3.203077,3.155179,1.435383e-04
61000,2,*2 *2 1 1 1 1 1 1,3.189991,3.152135,1.165756e-04
61500,2,*2 *2 1 1 1 1 1 1,3.190664,3.149270,9.232293e-05
62000,2,*2 *2 1 1 1 1 1 1,3.185635,3.135485,7.094954e-05
62500,2,*2 *2 1 1 1 1 1 1,3.183551,3.131020,5.260455e-05
63000,2,*2 *2 1 1 1 1 1 1,3.170254,3.132545,3.741594e-05
63500,2,*2 *2 1 1 1 1 1 1,3.174171,3.130366,2.548968e-05
64000,2,*2 *2 1 1 1 1 1 1,3.171125,3.123570,1.690899e-05
64500,2,*2 *2 1 1 1 1 1 1,3.167652,3.124123,1.173373e-05
64999,2,*2 *2 1 1 1 1 1 1,3.171024,3.132842,1.000003e-05
65000,3,*2 *2 *2 1 1 1 1,3.590679,3.586372,1.000000e-03
65500,3,*2 *2 *2 1 1 1 1,3.356864,3.339353,4.166667e-04
66000,3,*2 *2 *2 1 1 1 1,3.426100,3.392717,8.333333e-04
66500,3,*2 *2 *2 1 1 1 1,3.447070,3.418855,9.993823e-04
67000,3,*2 *2 *2 1 1 1 1,3.447552,3.411481,9.955944e-04
67500,3,*2 *2 *2 1 1 1 1,3.432716,3.395753,9.883836e-04
68000,3,*2 *2 *2 1 1 1 1,3.424787,3.381124,9.778002e-04
68500,3,*2 *2 *2 1 1 1 1,3.412392,3.367724,9.639181e-04
69000,3,*2 *2 *2 1 1 1 1,3.407521,3.365751,9.468341e-04
69500,3,*2 *2 *2 1 1 1 1,3.392148,3.349005,9.266674e-04
70000,3,*2 *2 *2 1 1 1 1,3.390760,3.343123,9.035587e-04
70500,3,*2 *2 *2 1 1 1 1,3.382397,3.340263,8.776693e-04
71000,3,*2 *2 *2 1 1 1 1,3.372094,3.329748,8.491797e-04
71500,3,*2 *2 *2 1 1 1 1,3.367730,3.319886,8.182888e-04
72000,3,*2 *2 *2 1 1 1 1,3.359236,3.313566,7.852120e-04
72500,3,*2 *2 *2 1 1 1 1,3.343547,3.297907,7.501802e-04
73000,3,*2 *2 *2 1 1 1 1,3.341712,3.291552,7.134377e-04
73500,3,*2 *2 *2 1 1 1 1,3.338941,3.293169,6.752410e-04
74000,3,*2 *2 *2 1 1 1 1,3.328195,3.272916,6.358565e-04
74500,3,*2 *2 *2 1 1 1 1,3.308408,3.261801,5.955590e-04
75000,3,*2 *2 *2 1 1 1 1,3.304824,3.263061,5.546297e-04
75500,3,*2 *2 *2 1 1 1 1,3.308247,3.245866,5.133541e-04
76000,3,*2 *2 *2 1 1 1 1,3.283756,3.234158,4.720202e-04
76500,3,*2 *2 *2 1 1 1 1,3.265880,3.222848,4.309164e-04
77000,3,*2 *2 *2 1 1 1 1,3.261980,3.217078,3.903295e-04
77500,3,*2 *2 *2 1 1 1 1,3.256359,3.219502,3.505427e-04
78000,3,*2 *2 *2 1 1 1 1,3.246156,3.202754,3.118335e-04
78500,3,*2 *2 *2 1 1 1 1,3.237920,3.199315,2.744720e-04
79000,3,*2 *2 *2 1 1 1 1,3.230167,3.188239,2.387190e-04
79500,3,*2 *2 *2 1 1 1 1,3.218714,3.180549,2.048238e-04
80000,3,*2 *2 *2 1 1 1 1,3.224706,3.168549,1.730229e-04
80500,3,*2 *2 *2 1 1 1 1,3.206208,3.168065,1.435383e-04
81000,3,*2 *2 *2 1 1 1 1,3.197723,3.157920,1.165756e-04
81500,3,*2 *2 *2 1 1 1 1,3.188864,3.164678,9.232293e-05
82000,3,*2 *2 *2 1 1 1 1,3.187725,3.149315,7.094954e-05
82500,3,*2 *2 *2 1 1 1 1,3.176835,3.149540,5.260455e-05
83000,3,*2 *2 *2 1 1 1 1,3.177917,3.143939,3.741594e-05
83500,3,*2 *2 *2 1 1 1 1,3.179879,3.140240,2.548968e-05
84000,3,*2 *2 *2 1 1 1 1,3.181630,3.138023,1.690899e-05
84500,3,*2 *2 *2 1 1 1 1,3.170613,3.134779,1.173373e-05
84999,3,*2 *2 *2 1 1 1 1,3.174869,3.140848,1.000003e-05
85000,4,*2 *2 1 1 1 1 1 1,3.182603,3.138415,1.000000e-03
85500,4,*2 *2 1 1 1 1 1 1,3.241146,3.199743,4.166667e-04
86000,4,*2 *2 1 1 1 1 1 1,3.338405,3.299835,8.333333e-04
86500,4,*2 *2 1 1 1 1 1 1,3.387700,3.346824,9.993823e-04
87000,4,*2 *2 1 1 1 1 1 1,3.401646,3.344829,9.955944e-04
87500,4,*2 *2 1 1 1 1 1 1,3.396341,3.335644,9.883836e-04
88000,4,*2 *2 1 1 1 1 1 1,3.391852,3.339729,9.778002e-04
88500,4,*2 *2 1 1 1 1 1 1,3.386810,3.327560,9.639181e-04
89000,4,*2 *2 1 1 1 1 1 1,3.370910,3.315729,9.468341e-04
89500,4,*2 *2 1 1 1 1 1 1,3.370137,3.315180,9.266674e-04
90000,4,*2 *2 1 1 1 1 1 1,3.364568,3.302879,9.035587e-04
90500,4,*2 *2 1 1 1 1 1 1,3.354126,3.306516,8.776693e-04
91000,4,*2 *2 1 1 1 1 1 1,3.343767,3.303126,8.491797e-04
91500,4,*2 *2 1 1 1 1 1 1,3.344656,3.298165,8.182888e-04
92000,4,*2 *2 1 1 1 1 1 1,3.328314,3.280763,7.852120e-04
92500,4,*2 *2 1 1 1 1 1 1,3.321544,3.277633,7.501802e-04
93000,4,*2 *2 1 1 1 1 1 1,3.312310,3.272248,7.134377e-04
93500,4,*2 *2 1 1 1 1 1 1,3.310512,3.258887,6.752410e-04
94000,4,*2 *2 1 1 1 1 1 1,3.287353,3.251390,6.358565e-04
94500,4,*2 *2 1 1 1 1 1 1,3.289185,3.238278,5.955590e-04
95000,4,*2 *2 1 1 1 1 1 1,3.274352,3.236353,5.546297e-04
95500,4,*2 *2 1 1 1 1 1 1,3.269078,3.225876,5.133541e-04
96000,4,*2 *2 1 1 1 1 1 1,3.258034,3.211545,4.720202e-04
96500,4,*2 *2 1 1 1 1 1 1,3.253091,3.202590,4.309164e-04
97000,4,*2 *2 1 1 1 1 1 1,3.246679,3.201196,3.903295e-04
97500,4,*2 *2 1 1 1 1 1 1,3.228560,3.191293,3.505427e-04
98000,4,*2 *2 1 1 1 1 1 1,3.221820,3.176567,3.118335e-04
98500,4,*2 *2 1 1 1 1 1 1,3.210505,3.174798,2.744720e-04
99000,4,*2 *2 1 1 1 1 1 1,3.204536,3.168838,2.387190e-04
99500,4,*2 *2 1 1 1 1 1 1,3.191557,3.149683,2.048238e-04
100000,4,*2 *2 1 1 1 1 1 1,3.195359,3.150267,1.730229e-04
100500,4,*2 *2 1 1 1 1 1 1,3.184512,3.138978,1.435383e-04
101000,4,*2 *2 1 1 1 1 1 1,3.173267,3.138293,1.165756e-04
101500,4,*2 *2 1 1 1 1 1 1,3.173811,3.132308,9.232293e-05
102000,4,*2 *2 1 1 1 1 1 1,3.168908,3.124863,7.094954e-05
102500,4,*2 *2 1 1 1 1 1 1,3.159368,3.113262,5.260455e-05
103000,4,*2 *2 1 1 1 1 1 1,3.142753,3.113908,3.741594e-05
103500,4,*2 *2 1 1 1 1 1 1,3.158865,3.117687,2.548968e-05
104000,4,*2 *2 1 1 1 1 1 1,3.142064,3.114202,1.690899e-05
104500,4,*2 *2 1 1 1 1 1 1,3.147192,3.105851,1.173373e-05
104999,4,*2 *2 1 1 1 1 1 1,3.146569,3.097775,1.000003e-05
105000,5,*2 1 1 1 1 1 1 1 1,3.163331,3.128770,1.000000e-03
105500,5,*2 1 1 1 1 1 1 1 1,3.212901,3.170420,4.166667e-04
106000,5,*2 1 1 1 1 1 1 1 1,3.308333,3.263078,8.333333e-04
106500,5,*2 1 1 1 1 1 1 1 1,3.370427,3.317116,9.993823e-04
107000,5,*2 1 1 1 1 1 1 1 1,3.361929,3.320444,9.955944e-04
107500,5,*2 1 1 1 1 1 1 1 1,3.363337,3.326419,9.883836e-04
108000,5,*2 1 1 1 1 1 1 1 1,3.359453,3.314894,9.778002e-04
108500,5,*2 1 1 1 1 1 1 1 1,3.351112,3.311655,9.639181e-04
109000,5,*2 1 1 1 1 1 1 1 1,3.352276,3.300819,9.468341e-04
109500,5,*2 1 1 1 1 1 1 1 1,3.343446,3.296240,9.266674e-04
110000,5,*2 1 1 1 1 1 1 1 1,3.337597,3.289149,9.035587e-04
110500,5,*2 1 1 1 1 1 1 1 1,3.332690,3.274657,8.776693e-04
111000,5,*2 1 1 1 1 1 1 1 1,3.324907,3.274419,8.491797e-04
111500,5,*2 1 1 1 1 1 1 1 1,3.319565,3.278612,8.182888e-04
112000,5,*2 1 1 1 1 1 1 1 1,3.304009,3.268280,7.852120e-04
112500,5,*2 1 1 1 1 1 1 1 1,3.313245,3.250059,7.501802e-04
113000,5,*2 1 1 1 1 1 1 1 1,3.302234,3.246702,7.134377e-04
113500,5,*2 1 1 1 1 1 1 1 1,3.288617,3.234498,6.752410e-04
114000,5,*2 1 1 1 1 1 1 1 1,3.281648,3.239369,6.358565e-04
114500,5,*2 1 1 1 1 1 1 1 1,3.264642,3.226242,5.955590e-04
115000,5,*2 1 1 1 1 1 1 1 1,3.266971,3.210957,5.546297e-04
115500,5,*2 1 1 1 1 1 1 1 1,3.242764,3.203795,5.133541e-04
116000,5,*2 1 1 1 1 1 1 1 1,3.243504,3.196087,4.720202e-04
116500,5,*2 1 1 1 1 1 1 1 1,3.223122,3.178188,4.309164e-04
117000,5,*2 1 1 1 1 1 1 1 1,3.219023,3.184091,3.903295e-04
117500,5,*2 1 1 1 1 1 1 1 1,3.220579,3.175029,3.505427e-04
118000,5,*2 1 1 1 1 1 1 1 1,3.207392,3.162401,3.118335e-04
118500,5,*2 1 1 1 1 1 1 1 1,3.194573,3.152156,2.744720e-04
119000,5,*2 1 1 1 1 1 1 1 1,3.178437,3.136614,2.387190e-04
119500,5,*2 1 1 1 1 1 1 1 1,3.175110,3.145040,2.048238e-04
120000,5,*2 1 1 1 1 1 1 1 1,3.170330,3.120142,1.730229e-04
120500,5,*2 1 1 1 1 1 1 1 1,3.160511,3.116369,1.435383e-04
121000,5,*2 1 1 1 1 1 1 1 1,3.148885,3.107234,1.165756e-04
121500,5,*2 1 1 1 1 1 1 1 1,3.151045,3.099146,9.232293e-05
122000,5,*2 1 1 1 1 1 1 1 1,3.153185,3.103703,7.094954e-05
122500,5,*2 1 1 1 1 1 1 1 1,3.138411,3.097980,5.260455e-05
123000,5,*2 1 1 1 1 1 1 1 1,3.134370,3.097006,3.741594e-05
123500,5,*2 1 1 1 1 1 1 1 1,3.135056,3.085408,2.548968e-05
124000,5,*2 1 1 1 1 1 1 1 1,3.134454,3.088559,1.690899e-05
124500,5,*2 1 1 1 1 1 1 1 1,3.137489,3.094654,1.173373e-05
124999,5,*2 1 1 1 1 1 1 1 1,3.131407,3.087990,1.000003e-05
125000,6,1 1 1 1 1 1 1 1 1 1,4.384866,4.395807,1.000000e-03
125500,6,1 1 1 1 1 1 1 1 1 1,3.189424,3.144096,4.166667e-04
126000,6,1 1 1 1 1 1 1 1 1 1,3.296818,3.251444,8.333333e-04
126500,6,1 1 1 1 1 1 1 1 1 1,3.354545,3.298752,9.996145e-04
127000,6,1 1 1 1 1 1 1 1 1 1,3.391688,3.354116,9.972495e-04
127500,6,1 1 1 1 1 1 1 1 1 1,3.343955,3.301986,9.927410e-04
128000,6,1 1 1 1 1 1 1 1 1 1,3.363723,3.292012,9.861087e-04
128500,6,1 1 1 1 1 1 1 1 1 1,3.348980,3.299808,9.773815e-04
129000,6,1 1 1 1 1 1 1 1 1 1,3.346770,3.291332,9.665974e-04
129500,6,1 1 1 1 1 1 1 1 1 1,3.326481,3.284608,9.538032e-04
130000,6,1 1 1 1 1 1 1 1 1 1,3.322743,3.279714,9.390548e-04
130500,6,1 1 1 1 1 1 1 1 1 1,3.328681,3.280466,9.224163e-04
131000,6,1 1 1 1 1 1 1 1 1 1,3.321356,3.271916,9.039603e-04
131500,6,1 1 1 1 1 1 1 1 1 1,3.309161,3.274375,8.837670e-04
132000,6,1 1 1 1 1 1 1 1 1 1,3.311835,3.254634,8.619244e-04
132500,6,1 1 1 1 1 1 1 1 1 1,3.299072,3.253953,8.385276e-04
133000,6,1 1 1 1 1 1 1 1 1 1,3.301940,3.257314,8.136785e-04
133500,6,1 1 1 1 1 1 1 1 1 1,3.284301,3.239878,7.874853e-04
134000,6,1 1 1 1 1 1 1 1 1 1,3.283420,3.239615,7.600621e-04
134500,6,1 1 1 1 1 1 1 1 1 1,3.280134,3.223165,7.315282e-04
135000,6,1 1 1 1 1 1 1 1 1 1,3.267347,3.227078,7.020079e-04
135500,6,1 1 1 1 1 1 1 1 1 1,3.269101,3.223756,6.716297e-04
136000,6,1 1 1 1 1 1 1 1 1 1,3.260001,3.217129,6.405260e-04
136500,6,1 1 1 1 1 1 1 1 1 1,3.253299,3.206448,6.088322e-04
137000,6,1 1 1 1 1 1 1 1 1 1,3.240088,3.203380,5.766862e-04
137500,6,1 1 1 1 1 1 1 1 1 1,3.241059,3.197427,5.442281e-04
138000,6,1 1 1 1 1 1 1 1 1 1,3.227938,3.179954,5.115991e-04
138500,6,1 1 1 1 1 1 1 1 1 1,3.227479,3.190412,4.789415e-04
139000,6,1 1 1 1 1 1 1 1 1 1,3.217114,3.171511,4.463972e-04
139500,6,1 1 1 1 1 1 1 1 1 1,3.207035,3.162764,4.141082e-04
140000,6,1 1 1 1 1 1 1 1 1 1,3.208225,3.160234,3.822150e-04
140500,6,1 1 1 1 1 1 1 1 1 1,3.194137,3.150265,3.508564e-04
141000,6,1 1 1 1 1 1 1 1 1 1,3.184843,3.142780,3.201690e-04
141500,6,1 1 1 1 1 1 1 1 1 1,3.176227,3.144175,2.902864e-04
142000,6,1 1 1 1 1 1 1 1 1 1,3.174668,3.127618,2.613388e-04
142500,6,1 1 1 1 1 1 1 1 1 1,3.168106,3.126771,2.334522e-04
143000,6,1 1 1 1 1 1 1 1 1 1,3.158914,3.118917,2.067480e-04
143500,6,1 1 1 1 1 1 1 1 1 1,3.154089,3.113801,1.813425e-04
144000,6,1 1 1 1 1 1 1 1 1 1,3.148350,3.105868,1.573464e-04
144500,6,1 1 1 1 1 1 1 1 1 1,3.142915,3.094848,1.348640e-04
145000,6,1 1 1 1 1 1 1 1 1 1,3.135203,3.092131,1.139934e-04
145500,6,1 1 1 1 1 1 1 1 1 1,3.129082,3.087901,9.482543e-05
146000,6,1 1 1 1 1 1 1 1 1 1,3.123675,3.090023,7.744349e-05
146500,6,1 1 1 1 1 1 1 1 1 1,3.118548,3.082410,6.192330e-05
147000,6,1 1 1 1 1 1 1 1 1 1,3.114051,3.074873,4.833244e-05
147500,6,1 1 1 1 1 1 1 1 1 1,3.107620,3.082057,3.673009e-05
148000,6,1 1 1 1 1 1 1 1 1 1,3.115474,3.075088,2.716678e-05
148500,6,1 1 1 1 1 1 1 1 1 1,3.107842,3.079470,1.968414e-05
149000,6,1 1 1 1 1 1 1 1 1 1,3.103208,3.079033,1.431477e-05
149500,6,1 1 1 1 1 1 1 1 1 1,3.110996,3.076457,1.108203e-05
149999,6,1 1 1 1 1 1 1 1 1 1,3.106991,3.070506,1.000002e-05
